<metadata xml:lang="en"><Esri><CreaDate>20240214</CreaDate><CreaTime>10212300</CreaTime><ArcGISFormat>1.0</ArcGISFormat><SyncOnce>FALSE</SyncOnce><DataProperties><lineage><Process ToolSource="c:\program files\arcgis\pro\Resources\ArcToolbox\toolboxes\Data Management Tools.tbx\CreateFeatureclass" Date="20240214" Time="102123">CreateFeatureclass "P:\2022\Albany\21250022_070_Embankment Breach Modeling and Risk Assessment (Att. B)\03-SEProducts\07-GIS\01-Data\04-Shapefile\Attachment B\17-Mile Pool Bathymetry\17-Mile Pool Bathymetry.gdb" smoothed_transects_5ft Polyline # No No "PROJCS["NAD_1983_StatePlane_New_York_West_FIPS_3103_Feet",GEOGCS["GCS_North_American_1983",DATUM["D_North_American_1983",SPHEROID["GRS_1980",6378137.0,298.257222101]],PRIMEM["Greenwich",0.0],UNIT["Degree",0.0174532925199433]],PROJECTION["Transverse_Mercator"],PARAMETER["False_Easting",1148291.666666667],PARAMETER["False_Northing",0.0],PARAMETER["Central_Meridian",-78.58333333333333],PARAMETER["Scale_Factor",0.9999375],PARAMETER["Latitude_Of_Origin",40.0],UNIT["Foot_US",0.3048006096012192]];-17299100 -47344700 3048.00609601219;-100000 10000;-100000 10000;3.28083333333333E-03;0.001;0.001;IsHighPrecision" # 0 0 0 # "Same as template"</Process><Process ToolSource="c:\program files\arcgis\pro\Resources\ArcToolbox\toolboxes\Data Management Tools.tbx\AddField" Date="20240214" Time="102137">AddField "P:\2022\Albany\21250022_070_Embankment Breach Modeling and Risk Assessment (Att. B)\03-SEProducts\07-GIS\01-Data\04-Shapefile\Attachment B\17-Mile Pool Bathymetry\17-Mile Pool Bathymetry.gdb\smoothed_transects_5ft" ORIG_FID "Long (32-bit integer)" # # # # NULLABLE NON_REQUIRED #</Process><Process ToolSource="c:\program files\arcgis\pro\Resources\ArcToolbox\toolboxes\Data Management Tools.tbx\GenerateTransectsAlongLines" Date="20240214" Time="102248">GenerateTransectsAlongLines smoothed_centerline_bezier "P:\2022\Albany\21250022_070_Embankment Breach Modeling and Risk Assessment (Att. B)\03-SEProducts\07-GIS\01-Data\04-Shapefile\Attachment B\17-Mile Pool Bathymetry\17-Mile Pool Bathymetry.gdb\smoothed_transects_5ft" "5 Feet" "1500 Feet" END_POINTS</Process><Process ToolSource="c:\program files\arcgis\pro\Resources\ArcToolbox\toolboxes\Data Management Tools.tbx\CalculateField" Date="20240214" Time="103347">CalculateField smoothed_transects_5ft Milepost "((!OBJECTID! - 1) * 0.00094697) + 239" Python # Text NO_ENFORCE_DOMAINS</Process><Process ToolSource="c:\program files\arcgis\pro\Resources\ArcToolbox\toolboxes\Data Management Tools.tbx\CalculateField" Date="20240214" Time="112844">CalculateField smoothed_transects_5ft Milepost float(((!OBJECTID! - 1) * 0.00094697) + 239) Python # Text NO_ENFORCE_DOMAINS</Process><Process ToolSource="c:\program files\arcgis\pro\Resources\ArcToolbox\toolboxes\Data Management Tools.tbx\DeleteField" Date="20240214" Time="112930">DeleteField smoothed_transects_5ft Milepost "Delete Fields"</Process><Process ToolSource="c:\program files\arcgis\pro\Resources\ArcToolbox\toolboxes\Data Management Tools.tbx\UpdateSchema" Date="20240214" Time="113012">UpdateSchema "CIMDATA=&lt;CIMStandardDataConnection xsi:type='typens:CIMStandardDataConnection' xmlns:xsi='http://www.w3.org/2001/XMLSchema-instance' xmlns:xs='http://www.w3.org/2001/XMLSchema' xmlns:typens='http://www.esri.com/schemas/ArcGIS/3.2.0'&gt;&lt;WorkspaceConnectionString&gt;DATABASE=P:\2022\Albany\21250022_070_Embankment Breach Modeling and Risk Assessment (Att. B)\03-SEProducts\07-GIS\01-Data\04-Shapefile\Attachment B\17-Mile Pool Bathymetry\17-Mile Pool Bathymetry.gdb&lt;/WorkspaceConnectionString&gt;&lt;WorkspaceFactory&gt;FileGDB&lt;/WorkspaceFactory&gt;&lt;Dataset&gt;smoothed_transects_5ft&lt;/Dataset&gt;&lt;DatasetType&gt;esriDTFeatureClass&lt;/DatasetType&gt;&lt;/CIMStandardDataConnection&gt;" &lt;operationSequence&gt;&lt;workflow&gt;&lt;AddField&gt;&lt;field_name&gt;Milepost&lt;/field_name&gt;&lt;field_type&gt;DOUBLE&lt;/field_type&gt;&lt;field_is_nullable&gt;True&lt;/field_is_nullable&gt;&lt;field_is_required&gt;False&lt;/field_is_required&gt;&lt;/AddField&gt;&lt;/workflow&gt;&lt;/operationSequence&gt;</Process><Process ToolSource="c:\program files\arcgis\pro\Resources\ArcToolbox\toolboxes\Data Management Tools.tbx\CalculateField" Date="20240214" Time="113113">CalculateField smoothed_transects_5ft Milepost "((!OBJECTID! - 1) * 0.00094697) + 239" Python # Text NO_ENFORCE_DOMAINS</Process><Process ToolSource="c:\program files\arcgis\pro\Resources\ArcToolbox\toolboxes\Conversion Tools.tbx\ExportFeatures" Date="20240219" Time="133832">ExportFeatures smoothed_transects_5ft C:\Users\talbanese\Downloads\plotting_offline\Plotting_offline.gdb\smoothed_transects # NOT_USE_ALIAS "Shape_Length "Shape_Length" false true true 8 Double 0 0,First,#,smoothed_transects_5ft,Shape_Length,-1,-1;ORIG_FID "ORIG_FID" true true false 4 Long 0 0,First,#,smoothed_transects_5ft,ORIG_FID,-1,-1;Milepost "Milepost" true true false 8 Double 0 0,First,#,smoothed_transects_5ft,Milepost,-1,-1" #</Process><Process ToolSource="c:\program files\arcgis\pro\Resources\ArcToolbox\toolboxes\Data Management Tools.tbx\SplitLineAtPoint" Date="20240702" Time="144941">SplitLineAtPoint smoothed_transects Transect_Centerline_Intersect C:\Users\talbanese\Downloads\plotting_offline\Plotting_offline.gdb\Split_Transects #</Process><Process ToolSource="c:\program files\arcgis\pro\Resources\ArcToolbox\toolboxes\Data Management Tools.tbx\CalculateField" Date="20240702" Time="151826">CalculateField Split_Transects Canal_Side "'North' if !ORIG_SEQ! == 2 else 'South'" Python # Text NO_ENFORCE_DOMAINS</Process><Process ToolSource="c:\program files\arcgis\pro\Resources\ArcToolbox\toolboxes\Data Management Tools.tbx\CalculateField" Date="20240702" Time="151904">CalculateField Split_Transects Canal_Side "'North' if !ORIG_SEQ! == 2 else 'South'" Python # Text NO_ENFORCE_DOMAINS</Process><Process ToolSource="c:\program files\arcgis\pro\Resources\ArcToolbox\toolboxes\Data Management Tools.tbx\CalculateField" Date="20240702" Time="153134">CalculateField Split_Transects Is_Embankment 1 Python # "Short (16-bit integer)" NO_ENFORCE_DOMAINS</Process><Process ToolSource="c:\program files\arcgis\pro\Resources\ArcToolbox\toolboxes\Data Management Tools.tbx\CalculateField" Date="20240702" Time="153152">CalculateField Split_Transects Is_Embankment 0 Python # "Short (16-bit integer)" NO_ENFORCE_DOMAINS</Process><Process ToolSource="c:\program files\arcgis\pro\Resources\ArcToolbox\toolboxes\Conversion Tools.tbx\ExportFeatures" Date="20250709" Time="145835">ExportFeatures Split_Transects "C:\Users\talbanese\OneDrive - Schnabel Engineering Inc\Documents\python_projects\time_series_bokeh\data\transects_17_mp.shp" # NOT_USE_ALIAS "ORIG_FID "ORIG_FID" true true false 4 Long 0 0,First,#,Split_Transects,ORIG_FID,-1,-1;Milepost "Milepost" true true false 8 Double 0 0,First,#,Split_Transects,Milepost,-1,-1;ORIG_FID_1 "ORIG_FID_1" true true false 4 Long 0 0,First,#,Split_Transects,ORIG_FID_1,-1,-1;ORIG_SEQ "ORIG_SEQ" true true false 4 Long 0 0,First,#,Split_Transects,ORIG_SEQ,-1,-1;Shape_Length "Shape_Length" false true true 8 Double 0 0,First,#,Split_Transects,Shape_Length,-1,-1;Canal_Side "Canal_Side" true true false 512 Text 0 0,First,#,Split_Transects,Canal_Side,0,511;Is_Embankment "Is_Embankment" true true false 2 Short 0 0,First,#,Split_Transects,Is_Embankment,-1,-1" #</Process></lineage><itemProps><itemName Sync="TRUE">transects_17_mp</itemName><imsContentType Sync="TRUE">002</imsContentType><itemLocation><linkage Sync="TRUE">file://\\00-2810-008\C$\Users\talbanese\OneDrive - Schnabel Engineering Inc\Documents\python_projects\time_series_bokeh\data\transects_17_mp.shp</linkage><protocol Sync="TRUE">Local Area Network</protocol></itemLocation><itemSize Sync="TRUE">0.000</itemSize></itemProps><coordRef><type Sync="TRUE">Projected</type><geogcsn Sync="TRUE">GCS_North_American_1983</geogcsn><csUnits Sync="TRUE">Linear Unit: Foot_US (0.304801)</csUnits><projcsn Sync="TRUE">NAD_1983_StatePlane_New_York_West_FIPS_3103_Feet</projcsn><peXml Sync="TRUE">&lt;ProjectedCoordinateSystem xsi:type='typens:ProjectedCoordinateSystem' xmlns:xsi='http://www.w3.org/2001/XMLSchema-instance' xmlns:xs='http://www.w3.org/2001/XMLSchema' xmlns:typens='http://www.esri.com/schemas/ArcGIS/3.4.0'&gt;&lt;WKT&gt;PROJCS[&amp;quot;NAD_1983_StatePlane_New_York_West_FIPS_3103_Feet&amp;quot;,GEOGCS[&amp;quot;GCS_North_American_1983&amp;quot;,DATUM[&amp;quot;D_North_American_1983&amp;quot;,SPHEROID[&amp;quot;GRS_1980&amp;quot;,6378137.0,298.257222101]],PRIMEM[&amp;quot;Greenwich&amp;quot;,0.0],UNIT[&amp;quot;Degree&amp;quot;,0.0174532925199433]],PROJECTION[&amp;quot;Transverse_Mercator&amp;quot;],PARAMETER[&amp;quot;False_Easting&amp;quot;,1148291.666666667],PARAMETER[&amp;quot;False_Northing&amp;quot;,0.0],PARAMETER[&amp;quot;Central_Meridian&amp;quot;,-78.58333333333333],PARAMETER[&amp;quot;Scale_Factor&amp;quot;,0.9999375],PARAMETER[&amp;quot;Latitude_Of_Origin&amp;quot;,40.0],UNIT[&amp;quot;Foot_US&amp;quot;,0.3048006096012192],AUTHORITY[&amp;quot;EPSG&amp;quot;,2262]]&lt;/WKT&gt;&lt;XOrigin&gt;-17299100&lt;/XOrigin&gt;&lt;YOrigin&gt;-47344700&lt;/YOrigin&gt;&lt;XYScale&gt;137250050.35703713&lt;/XYScale&gt;&lt;ZOrigin&gt;-100000&lt;/ZOrigin&gt;&lt;ZScale&gt;10000&lt;/ZScale&gt;&lt;MOrigin&gt;-100000&lt;/MOrigin&gt;&lt;MScale&gt;10000&lt;/MScale&gt;&lt;XYTolerance&gt;0.0032808333333333331&lt;/XYTolerance&gt;&lt;ZTolerance&gt;0.001&lt;/ZTolerance&gt;&lt;MTolerance&gt;0.001&lt;/MTolerance&gt;&lt;HighPrecision&gt;true&lt;/HighPrecision&gt;&lt;WKID&gt;102717&lt;/WKID&gt;&lt;LatestWKID&gt;2262&lt;/LatestWKID&gt;&lt;/ProjectedCoordinateSystem&gt;</peXml></coordRef></DataProperties><SyncDate>20250709</SyncDate><SyncTime>14583100</SyncTime><ModDate>20250709</ModDate><ModTime>14583100</ModTime></Esri><dataIdInfo><envirDesc Sync="TRUE">Microsoft Windows 10 Version 10.0 (Build 19045) ; Esri ArcGIS 13.4.0.55405</envirDesc><dataLang><languageCode value="eng" Sync="TRUE"></languageCode><countryCode value="USA" Sync="TRUE"></countryCode></dataLang><idCitation><resTitle Sync="TRUE">transects_17_mp</resTitle><presForm><PresFormCd value="005" Sync="TRUE"></PresFormCd></presForm></idCitation><spatRpType><SpatRepTypCd value="001" Sync="TRUE"></SpatRepTypCd></spatRpType></dataIdInfo><mdLang><languageCode value="eng" Sync="TRUE"></languageCode><countryCode value="USA" Sync="TRUE"></countryCode></mdLang><distInfo><distFormat><formatName Sync="TRUE">Shapefile</formatName></distFormat><distTranOps><transSize Sync="TRUE">0.000</transSize></distTranOps></distInfo><mdHrLv><ScopeCd value="005" Sync="TRUE"></ScopeCd></mdHrLv><mdHrLvName Sync="TRUE">dataset</mdHrLvName><refSysInfo><RefSystem><refSysID><identCode code="2262" Sync="TRUE"></identCode><idCodeSpace Sync="TRUE">EPSG</idCodeSpace><idVersion Sync="TRUE">5.3(9.0.0)</idVersion></refSysID></RefSystem></refSysInfo><spatRepInfo><VectSpatRep><geometObjs Name="transects_17_mp"><geoObjTyp><GeoObjTypCd value="002" Sync="TRUE"></GeoObjTypCd></geoObjTyp><geoObjCnt Sync="TRUE">0</geoObjCnt></geometObjs><topLvl><TopoLevCd value="001" Sync="TRUE"></TopoLevCd></topLvl></VectSpatRep></spatRepInfo><spdoinfo><ptvctinf><esriterm Name="transects_17_mp"><efeatyp Sync="TRUE">Simple</efeatyp><efeageom code="3" Sync="TRUE"></efeageom><esritopo Sync="TRUE">FALSE</esritopo><efeacnt Sync="TRUE">0</efeacnt><spindex Sync="TRUE">FALSE</spindex><linrefer Sync="TRUE">FALSE</linrefer></esriterm></ptvctinf></spdoinfo><eainfo><detailed Name="transects_17_mp"><enttyp><enttypl Sync="TRUE">transects_17_mp</enttypl><enttypt Sync="TRUE">Feature Class</enttypt><enttypc Sync="TRUE">0</enttypc></enttyp><attr><attrlabl Sync="TRUE">FID</attrlabl><attalias Sync="TRUE">FID</attalias><attrtype Sync="TRUE">OID</attrtype><attwidth Sync="TRUE">4</attwidth><atprecis Sync="TRUE">0</atprecis><attscale Sync="TRUE">0</attscale><attrdef Sync="TRUE">Internal feature number.</attrdef><attrdefs Sync="TRUE">Esri</attrdefs><attrdomv><udom Sync="TRUE">Sequential unique whole numbers that are automatically generated.</udom></attrdomv></attr><attr><attrlabl Sync="TRUE">Shape</attrlabl><attalias Sync="TRUE">Shape</attalias><attrtype Sync="TRUE">Geometry</attrtype><attwidth Sync="TRUE">0</attwidth><atprecis Sync="TRUE">0</atprecis><attscale Sync="TRUE">0</attscale><attrdef Sync="TRUE">Feature geometry.</attrdef><attrdefs Sync="TRUE">Esri</attrdefs><attrdomv><udom Sync="TRUE">Coordinates defining the features.</udom></attrdomv></attr><attr><attrlabl Sync="TRUE">ORIG_FID</attrlabl><attalias Sync="TRUE">ORIG_FID</attalias><attrtype Sync="TRUE">Integer</attrtype><attwidth Sync="TRUE">10</attwidth><atprecis Sync="TRUE">10</atprecis><attscale Sync="TRUE">0</attscale></attr><attr><attrlabl Sync="TRUE">Milepost</attrlabl><attalias Sync="TRUE">Milepost</attalias><attrtype Sync="TRUE">Double</attrtype><attwidth Sync="TRUE">19</attwidth><atprecis Sync="TRUE">0</atprecis><attscale Sync="TRUE">0</attscale></attr><attr><attrlabl Sync="TRUE">ORIG_FID_1</attrlabl><attalias Sync="TRUE">ORIG_FID_1</attalias><attrtype Sync="TRUE">Integer</attrtype><attwidth Sync="TRUE">10</attwidth><atprecis Sync="TRUE">10</atprecis><attscale Sync="TRUE">0</attscale></attr><attr><attrlabl Sync="TRUE">ORIG_SEQ</attrlabl><attalias Sync="TRUE">ORIG_SEQ</attalias><attrtype Sync="TRUE">Integer</attrtype><attwidth Sync="TRUE">10</attwidth><atprecis Sync="TRUE">10</atprecis><attscale Sync="TRUE">0</attscale></attr><attr><attrlabl Sync="TRUE">Shape_Leng</attrlabl><attalias Sync="TRUE">Shape_Leng</attalias><attrtype Sync="TRUE">Double</attrtype><attwidth Sync="TRUE">19</attwidth><atprecis Sync="TRUE">0</atprecis><attscale Sync="TRUE">0</attscale></attr><attr><attrlabl Sync="TRUE">Canal_Side</attrlabl><attalias Sync="TRUE">Canal_Side</attalias><attrtype Sync="TRUE">String</attrtype><attwidth Sync="TRUE">254</attwidth><atprecis Sync="TRUE">0</atprecis><attscale Sync="TRUE">0</attscale></attr><attr><attrlabl Sync="TRUE">Is_Embankm</attrlabl><attalias Sync="TRUE">Is_Embankm</attalias><attrtype Sync="TRUE">Integer</attrtype><attwidth Sync="TRUE">5</attwidth><atprecis Sync="TRUE">5</atprecis><attscale Sync="TRUE">0</attscale></attr></detailed></eainfo><mdDateSt Sync="TRUE">20250709</mdDateSt></metadata>
